{
  "R0": 8040.273874389149,
  "ts": 1767094299.978447
}